"Name","Quantity","Avg Price","Last Traded","Investment","Current Value","P&L","P&L %"
" SPR Auto Technologies",1,"2,704.00","4,181.90","2,704.00","4,181.90","1,477.90","54.66%"
"Acutaas Chemicals",1,"2,732.90","3,248.70","2,732.90","3,248.70","515.80","18.87%"
"Anant Raj",13,"603.70","589.70","7,848.05","7,666.10","-181.95","-2.32%"
"Anthem Biosciences",26,"570.00","772.05","14,820.00","20,073.30","5,253.30","35.45%"
"Ashok Leyland",10,"174.40","151.11","1,744.00","1,511.10","-232.90","-13.35%"
"Awfis Space Solutions",5,"522.95","273.55","2,614.75","1,367.75","-1,247.00","-47.69%"
"Azad Engineering",1,"2,381.80","2,416.90","2,381.80","2,416.90","35.10","1.47%"
"BSE",4,"2,133.43","3,555.30","8,533.70","14,221.20","5,687.50","66.65%"
"Bank of Baroda",10,"271.10","245.70","2,711.00","2,457.00","-254.00","-9.37%"
"Bharat Electronics",10,"397.15","404.65","3,971.50","4,046.50","75.00","1.89%"
"Bharat Petroleum",5,"304.70","309.90","1,523.50","1,549.50","26.00","1.71%"
"CDSL",2,"1,604.80","1,336.00","3,209.60","2,672.00","-537.60","-16.75%"
"CG Power & Industrial Solutions",1,"904.45","890.30","904.45","890.30","-14.15","-1.56%"
"Canara Bank",20,"128.21","125.92","2,564.20","2,518.40","-45.80","-1.79%"
"Canara Robeco Asset Management Company",56,"266.00","262.40","14,896.00","14,694.40","-201.60","-1.35%"
"Coforge",2,"1,703.10","1,461.10","3,406.20","2,922.20","-484.00","-14.21%"
"Crompton Greaves",10,"253.35","249.40","2,533.50","2,494.00","-39.50","-1.56%"
"Deepak Nitrite",3,"1,561.70","1,657.30","4,685.10","4,971.90","286.80","6.12%"
"Devyani International",14,"144.84","108.36","2,027.76","1,517.04","-510.72","-25.19%"
"EPack Prefab Technologies",73,"204.00","245.60","14,892.00","17,928.80","3,036.80","20.39%"
"Ellenbarrie Industrial Gases",10,"179.19","282.55","1,791.90","2,825.50","1,033.60","57.68%"
"Emmvee Photovoltaic Power",69,"217.00","328.15","14,973.00","22,642.35","7,669.35","51.22%"
"Enviro Infra Engineers",10,"202.00","218.75","2,019.99","2,187.50","167.51","8.29%"
"Eternal",10,"212.75","280.80","2,127.50","2,808.00","680.50","31.99%"
"Fortis Healthcare",3,"895.90","940.90","2,687.70","2,822.70","135.00","5.02%"
"Fractal Analytics",16,"900.00","812.35","14,400.00","12,997.60","-1,402.40","-9.74%"
"Gem Aromatics",46,"325.00","179.00","14,950.00","8,234.00","-6,716.00","-44.92%"
"Gravita India",1,"2,297.05","1,772.90","2,297.05","1,772.90","-524.15","-22.82%"
"Groww",15,"187.63","204.09","2,814.45","3,061.35","246.90","8.77%"
"HDB Financial Services",20,"740.00","692.00","14,800.00","13,840.00","-960.00","-6.49%"
"HDFC Bank",4,"789.95","745.45","3,159.80","2,981.80","-178.00","-5.63%"
"HFCL",3,"147.98","198.86","443.94","596.58","152.64","34.38%"
"Havells",2,"1,547.40","1,238.70","3,094.80","2,477.40","-617.40","-19.95%"
"Himadri Speciality Chemical",4,"467.50","783.15","1,870.00","3,132.60","1,262.60","67.52%"
"Hindalco Industries",2,"787.10","946.45","1,574.20","1,892.90","318.70","20.25%"
"Hindustan Aeronautics",1,"5,500.00","4,584.00","5,500.00","4,584.00","-916.00","-16.65%"
"Hindustan Copper",4,"538.30","483.35","2,153.20","1,933.40","-219.80","-10.21%"
"Hindustan Zinc",3,"700.95","528.20","2,102.85","1,584.60","-518.25","-24.65%"
"ICICI Prudential Asset Management",6,"2,165.00","3,127.50","12,990.00","18,765.00","5,775.00","44.46%"
"IREDA",4,"259.70","120.18","1,038.80","480.72","-558.08","-53.72%"
"IRFC",9,"196.22","87.65","1,765.98","788.85","-977.13","-55.33%"
"ITC",5,"402.25","284.00","2,011.25","1,420.00","-591.25","-29.40%"
"Ideaforge Technology",1,"813.05","869.90","813.05","869.90","56.85","6.99%"
"Indian Energy Exchange",30,"145.65","125.20","4,369.50","3,756.00","-613.50","-14.04%"
"Indian Hotels Company",4,"776.05","719.35","3,104.20","2,877.40","-226.80","-7.31%"
"Indian Oil Corporation",10,"147.95","138.27","1,479.50","1,382.70","-96.80","-6.54%"
"Interglobe Aviation",1,"4,693.00","4,958.00","4,693.00","4,958.00","265.00","5.65%"
"Ivalue Infosolutions",50,"299.00","286.30","14,950.00","14,315.00","-635.00","-4.25%"
"JSW Cement",102,"147.00","132.05","14,994.00","13,469.10","-1,524.90","-10.17%"
"Jio Financial Services",10,"221.08","234.63","2,210.80","2,346.30","135.50","6.13%"
"Jupiter Wagons",11,"501.68","247.65","5,518.50","2,724.15","-2,794.35","-50.64%"
"KFin Technologies",2,"1,471.43","869.60","2,942.85","1,739.20","-1,203.65","-40.90%"
"KPIT Technologies",2,"1,086.00","575.75","2,172.00","1,151.50","-1,020.50","-46.98%"
"KSH International",39,"384.00","878.20","14,976.00","34,249.80","19,273.80","128.70%"
"Kaynes Technology India",2,"3,957.35","3,177.00","7,914.70","6,354.00","-1,560.70","-19.72%"
"LG Electronics",13,"1,140.00","1,516.90","14,820.00","19,719.70","4,899.70","33.06%"
"Larsen & Toubro",1,"3,749.40","3,795.00","3,749.40","3,795.00","45.60","1.22%"
"Laser Power & Infra",70,"214.00","294.15","14,980.00","20,590.50","5,610.50","37.45%"
"Lodha Developers",2,"1,189.30","1,150.00","2,378.60","2,300.00","-78.60","-3.30%"
"Mahindra & Mahindra",2,"3,072.55","3,161.40","6,145.10","6,322.80","177.70","2.89%"
"Max Healthcare Institute",4,"996.90","1,081.00","3,987.60","4,324.00","336.40","8.44%"
"Mazagon Dock Shipbuilders",2,"2,750.00","2,308.00","5,500.00","4,616.00","-884.00","-16.07%"
"Motilal Oswal Financial Services",4,"766.43","861.30","3,065.70","3,445.20","379.50","12.38%"
"Narayana Hrudayalaya",1,"1,877.90","1,969.40","1,877.90","1,969.40","91.50","4.87%"
"National Securities Depository (NSDL)",18,"800.00","810.85","14,400.00","14,595.30","195.30","1.36%"
"Netweb Technologies",1,"2,278.80","4,182.00","2,278.80","4,182.00","1,903.20","83.52%"
"Newgen Software Technologies",2,"896.75","506.00","1,793.50","1,012.00","-781.50","-43.57%"
"Nuvama Wealth Management",2,"1,415.80","1,973.80","2,831.60","3,947.60","1,116.00","39.41%"
"Oberoi Realty",1,"1,701.50","1,821.10","1,701.50","1,821.10","119.60","7.03%"
"Ola Electric Mobility",58,"54.22","36.90","3,144.56","2,140.20","-1,004.36","-31.94%"
"Oswal Pumps",24,"614.00","352.90","14,736.00","8,469.60","-6,266.40","-42.52%"
"PG Electroplast",6,"701.63","573.40","4,209.80","3,440.40","-769.40","-18.28%"
"PN Gadgil Jewellers",5,"614.77","646.05","3,073.85","3,230.25","156.40","5.09%"
"Pace Digitek",68,"219.00","196.69","14,892.00","13,374.92","-1,517.08","-10.19%"
"Paras Defence Space Tech",2,"732.50","1,200.00","1,465.00","2,400.00","935.00","63.82%"
"Pine Labs",67,"221.00","146.39","14,807.00","9,808.13","-4,998.87","-33.76%"
"Pondy Oxides & Chemical",7,"344.94","529.90","2,414.58","3,709.30","1,294.72","53.62%"
"Praj Industries",10,"310.55","323.70","3,105.50","3,237.00","131.50","4.23%"
"Radico Khaitan",1,"2,997.90","4,098.20","2,997.90","4,098.20","1,100.30","36.70%"
"Rail Vikas Nigam",8,"508.48","225.00","4,067.80","1,800.00","-2,267.80","-55.75%"
"Railtel Corporation of India",5,"506.41","285.15","2,532.05","1,425.75","-1,106.30","-43.69%"
"SBI Funds Management",26,"574.00","581.15","14,924.00","15,109.90","185.90","1.25%"
"Steel Authority of India",14,"132.35","161.15","1,852.90","2,256.10","403.20","21.76%"
"Sterlite Technologies",2,"415.58","535.10","831.15","1,070.20","239.05","28.76%"
"TVS Motors",1,"3,557.00","3,878.80","3,557.00","3,878.80","321.80","9.05%"
"Tata Capital",46,"326.00","338.60","14,996.00","15,575.60","579.60","3.87%"
"Tata Motors",7,"215.95","403.70","1,511.65","2,825.90","1,314.25","86.94%"
"Tata Motors Passenger Vehicles",12,"426.35","324.55","5,116.15","3,894.60","-1,221.55","-23.88%"
"Titagarh Rail Systems",5,"1,279.05","818.30","6,395.25","4,091.50","-2,303.75","-36.02%"
"Trent",1,"4,622.55","2,904.00","4,622.55","2,904.00","-1,718.55","-37.18%"
"Union Bank of India",15,"152.25","169.66","2,283.72","2,544.90","261.18","11.44%"
"VA Tech Wabag",1,"1,603.45","2,047.00","1,603.45","2,047.00","443.55","27.66%"
"Varun Beverages",5,"541.65","457.25","2,708.25","2,286.25","-422.00","-15.58%"
"Vikram Solar",8,"379.85","182.73","3,038.80","1,461.84","-1,576.96","-51.89%"
"Vishal Mega Mart",40,"135.18","108.36","5,407.20","4,334.40","-1,072.80","-19.84%"
"Voltas",1,"1,361.00","1,330.70","1,361.00","1,330.70","-30.30","-2.23%"
"Waaree Energies",1,"2,584.50","2,714.00","2,584.50","2,714.00","129.50","5.01%"
"Zaggle Prepaid Ocean Services",4,"549.50","201.13","2,198.00","804.52","-1,393.48","-63.40%"
